{
  "type": "FeatureCollection",
  "generator": "overpass-turbo",
  "copyright": "The data included in this document is from www.openstreetmap.org. The data is made available under ODbL.",
  "timestamp": "2026-04-14T04:12:06Z",
  "features": [
    {
      "type": "Feature",
      "properties": {
        "@id": "relation/16057252",
        "admin_level": "6",
        "admin_subdivisions": "23 barangays",
        "border_type": "municipality",
        "boundary": "administrative",
        "contact:website": "https://polomolok.gov.ph/",
        "is_in:province": "South Cotabato",
        "name": "Polomolok",
        "name:etymology": "Flomlok",
        "name:etymology:wikidata": "Q1678262",
        "official_name": "Municipality of Polomolok",
        "population": "172605",
        "population:date": "2020-05-01",
        "postal_code": "9504",
        "ref": "1206312000",
        "related_law": "Executive Order No. 264 s. 1957",
        "start_date": "1957-08-21",
        "type": "boundary",
        "was_in:municipality": "General Santos;Tupi",
        "wikidata": "Q173944",
        "wikimedia_commons": "Category:Polomolok",
        "wikipedia": "en:Polomolok"
      },
      "geometry": {
        "type": "Polygon",
        "coordinates": [
          [
            [
              124.9944117,
              6.2244771
            ],
            [
              124.9961975,
              6.2239487
            ],
            [
              124.9967282,
              6.2239686
            ],
            [
              124.9971667,
              6.224137
            ],
            [
              124.9975255,
              6.2244689
            ],
            [
              124.9977996,
              6.2248033
            ],
            [
              124.998092,
              6.2251279
            ],
            [
              124.9984004,
              6.2252868
            ],
            [
              124.9985478,
              6.2252456
            ],
            [
              124.9986932,
              6.2251403
            ],
            [
              124.9989081,
              6.2249617
            ],
            [
              124.9990909,
              6.2249049
            ],
            [
              124.9993224,
              6.2249049
            ],
            [
              124.9996184,
              6.2249875
            ],
            [
              125.000122,
              6.225164
            ],
            [
              125.0003847,
              6.2251465
            ],
            [
              125.000907,
              6.2250546
            ],
            [
              125.0012456,
              6.2250164
            ],
            [
              125.0014854,
              6.2249101
            ],
            [
              125.0015664,
              6.2248027
            ],
            [
              125.0016796,
              6.2245612
            ],
            [
              125.0017596,
              6.2241957
            ],
            [
              125.001799,
              6.2237075
            ],
            [
              125.0018904,
              6.2233441
            ],
            [
              125.0020586,
              6.2230024
            ],
            [
              125.0023992,
              6.2225988
            ],
            [
              125.0027699,
              6.2221869
            ],
            [
              125.0031022,
              6.2219288
            ],
            [
              125.0032715,
              6.2218432
            ],
            [
              125.0037271,
              6.2218033
            ],
            [
              125.0043776,
              6.2219698
            ],
            [
              125.004718,
              6.2221506
            ],
            [
              125.0049551,
              6.2224287
            ],
            [
              125.0050941,
              6.2226856
            ],
            [
              125.0052209,
              6.2234336
            ],
            [
              125.0052961,
              6.2236776
            ],
            [
              125.0053911,
              6.2238179
            ],
            [
              125.0056365,
              6.2239268
            ],
            [
              125.0058634,
              6.2239372
            ],
            [
              125.0061774,
              6.2238704
            ],
            [
              125.0063845,
              6.2237038
            ],
            [
              125.0065718,
              6.2234638
            ],
            [
              125.0067486,
              6.2230966
            ],
            [
              125.006928,
              6.2228855
            ],
            [
              125.00749,
              6.2223832
            ],
            [
              125.0076615,
              6.2221065
            ],
            [
              125.0077789,
              6.2217852
            ],
            [
              125.0079913,
              6.2214258
            ],
            [
              125.0082414,
              6.2212462
            ],
            [
              125.0085767,
              6.2210957
            ],
            [
              125.0094461,
              6.2207313
            ],
            [
              125.0106844,
              6.2202093
            ],
            [
              125.0108601,
              6.2201639
            ],
            [
              125.0111855,
              6.220076
            ],
            [
              125.0116544,
              6.2199489
            ],
            [
              125.0119664,
              6.2198693
            ],
            [
              125.0122668,
              6.2198806
            ],
            [
              125.0127648,
              6.2199323
            ],
            [
              125.012899,
              6.2198631
            ],
            [
              125.0129655,
              6.2197494
            ],
            [
              125.0129291,
              6.2195943
            ],
            [
              125.0128605,
              6.2194486
            ],
            [
              125.0127763,
              6.219367
            ],
            [
              125.0137381,
              6.2166431
            ],
            [
              125.0336258,
              6.1990696
            ],
            [
              125.0343286,
              6.1979834
            ],
            [
              125.0347239,
              6.1977487
            ],
            [
              125.0355265,
              6.1976947
            ],
            [
              125.0362598,
              6.1975457
            ],
            [
              125.0369215,
              6.197274
            ],
            [
              125.0375055,
              6.1967003
            ],
            [
              125.03773,
              6.1963497
            ],
            [
              125.0379136,
              6.1958082
            ],
            [
              125.0380852,
              6.1956359
            ],
            [
              125.0386579,
              6.1954711
            ],
            [
              125.0390859,
              6.1954131
            ],
            [
              125.0400954,
              6.195195
            ],
            [
              125.0405404,
              6.1949815
            ],
            [
              125.0412304,
              6.1944263
            ],
            [
              125.0422537,
              6.1932068
            ],
            [
              125.0632852,
              6.1717017
            ],
            [
              125.0629301,
              6.1649779
            ],
            [
              125.0634647,
              6.1603942
            ],
            [
              125.063495,
              6.1557388
            ],
            [
              125.0634482,
              6.1527313
            ],
            [
              125.0637433,
              6.1527713
            ],
            [
              125.0639391,
              6.1527553
            ],
            [
              125.0641,
              6.1526967
            ],
            [
              125.0641912,
              6.1526273
            ],
            [
              125.0643897,
              6.1525367
            ],
            [
              125.0645694,
              6.1525127
            ],
            [
              125.0646579,
              6.1525207
            ],
            [
              125.0648376,
              6.1526647
            ],
            [
              125.0650468,
              6.1527873
            ],
            [
              125.0652426,
              6.1528247
            ],
            [
              125.0655109,
              6.1528433
            ],
            [
              125.0657201,
              6.1528273
            ],
            [
              125.0659588,
              6.1528007
            ],
            [
              125.0661224,
              6.1527473
            ],
            [
              125.0661908,
              6.1527073
            ],
            [
              125.0662485,
              6.152682
            ],
            [
              125.0663812,
              6.1526607
            ],
            [
              125.0665757,
              6.1527247
            ],
            [
              125.0668091,
              6.1528927
            ],
            [
              125.0669633,
              6.1529647
            ],
            [
              125.0670813,
              6.152954
            ],
            [
              125.0671779,
              6.1529007
            ],
            [
              125.0673562,
              6.1527433
            ],
            [
              125.0674622,
              6.1526967
            ],
            [
              125.0676124,
              6.1526367
            ],
            [
              125.0677277,
              6.152614
            ],
            [
              125.0678296,
              6.1525793
            ],
            [
              125.0679396,
              6.1525487
            ],
            [
              125.0681019,
              6.1525727
            ],
            [
              125.0682802,
              6.152646
            ],
            [
              125.0683808,
              6.152682
            ],
            [
              125.0684211,
              6.1527327
            ],
            [
              125.0684331,
              6.152822
            ],
            [
              125.0684653,
              6.1529087
            ],
            [
              125.0685324,
              6.152974
            ],
            [
              125.0686732,
              6.1530127
            ],
            [
              125.0688717,
              6.15299
            ],
            [
              125.0689977,
              6.1529314
            ],
            [
              125.0692016,
              6.1528513
            ],
            [
              125.0693545,
              6.1528193
            ],
            [
              125.0695422,
              6.1528167
            ],
            [
              125.0697246,
              6.1528513
            ],
            [
              125.069856,
              6.1529314
            ],
            [
              125.0699204,
              6.153022
            ],
            [
              125.0699928,
              6.153078
            ],
            [
              125.0700867,
              6.153078
            ],
            [
              125.0701752,
              6.1530354
            ],
            [
              125.070304,
              6.153038
            ],
            [
              125.0704595,
              6.1531074
            ],
            [
              125.0705963,
              6.153198
            ],
            [
              125.0707063,
              6.1532807
            ],
            [
              125.0708109,
              6.1533474
            ],
            [
              125.0710013,
              6.153374
            ],
            [
              125.071173,
              6.1533794
            ],
            [
              125.0712966,
              6.1533979
            ],
            [
              125.0713688,
              6.1534087
            ],
            [
              125.07146,
              6.153438
            ],
            [
              125.0716102,
              6.1535287
            ],
            [
              125.0717202,
              6.153598
            ],
            [
              125.0718355,
              6.1536887
            ],
            [
              125.0719374,
              6.153782
            ],
            [
              125.0721654,
              6.1539154
            ],
            [
              125.0728856,
              6.1543007
            ],
            [
              125.0730009,
              6.1543754
            ],
            [
              125.073135,
              6.1544714
            ],
            [
              125.0732812,
              6.1545581
            ],
            [
              125.0734542,
              6.1546047
            ],
            [
              125.0735722,
              6.1546487
            ],
            [
              125.0736554,
              6.1546981
            ],
            [
              125.0737828,
              6.1547701
            ],
            [
              125.0738136,
              6.1548274
            ],
            [
              125.0737976,
              6.1548794
            ],
            [
              125.0737627,
              6.1549261
            ],
            [
              125.0737265,
              6.1549821
            ],
            [
              125.0737198,
              6.1550474
            ],
            [
              125.0737479,
              6.1551074
            ],
            [
              125.0738083,
              6.1552008
            ],
            [
              125.0739558,
              6.1552874
            ],
            [
              125.0743715,
              6.1554261
            ],
            [
              125.0745861,
              6.1554568
            ],
            [
              125.0747551,
              6.1555048
            ],
            [
              125.0750247,
              6.1556074
            ],
            [
              125.0752325,
              6.1557021
            ],
            [
              125.0754457,
              6.1558408
            ],
            [
              125.0756644,
              6.1560741
            ],
            [
              125.0757669,
              6.1561868
            ],
            [
              125.0758373,
              6.1563055
            ],
            [
              125.0759152,
              6.1563675
            ],
            [
              125.0760626,
              6.1564381
            ],
            [
              125.0762987,
              6.1565088
            ],
            [
              125.0765616,
              6.1565821
            ],
            [
              125.0767815,
              6.1565501
            ],
            [
              125.0770685,
              6.1564355
            ],
            [
              125.0775459,
              6.1562515
            ],
            [
              125.0779349,
              6.1561155
            ],
            [
              125.0782219,
              6.1560594
            ],
            [
              125.0783935,
              6.1559954
            ],
            [
              125.078474,
              6.1559048
            ],
            [
              125.0785169,
              6.1557901
            ],
            [
              125.0785571,
              6.1555794
            ],
            [
              125.0786269,
              6.1554408
            ],
            [
              125.0787207,
              6.1553581
            ],
            [
              125.0788441,
              6.1552888
            ],
            [
              125.0791419,
              6.1552541
            ],
            [
              125.0797749,
              6.1552674
            ],
            [
              125.0801986,
              6.1553741
            ],
            [
              125.0805286,
              6.1554434
            ],
            [
              125.0807056,
              6.1555261
            ],
            [
              125.0807512,
              6.1555821
            ],
            [
              125.0808102,
              6.1556861
            ],
            [
              125.0808102,
              6.1557901
            ],
            [
              125.0808048,
              6.1558968
            ],
            [
              125.0808075,
              6.1560381
            ],
            [
              125.0808531,
              6.1560941
            ],
            [
              125.0810006,
              6.1561235
            ],
            [
              125.0810596,
              6.1561235
            ],
            [
              125.0811428,
              6.1561395
            ],
            [
              125.0811937,
              6.1561715
            ],
            [
              125.0813735,
              6.1563341
            ],
            [
              125.0814673,
              6.1563981
            ],
            [
              125.0815505,
              6.1564008
            ],
            [
              125.0816309,
              6.1563395
            ],
            [
              125.0816658,
              6.1562515
            ],
            [
              125.0817007,
              6.1561021
            ],
            [
              125.0817355,
              6.1559794
            ],
            [
              125.0817999,
              6.1558088
            ],
            [
              125.0818482,
              6.1557128
            ],
            [
              125.0819555,
              6.1556728
            ],
            [
              125.0820681,
              6.1556994
            ],
            [
              125.0821379,
              6.1557394
            ],
            [
              125.0821245,
              6.1558328
            ],
            [
              125.082044,
              6.1560088
            ],
            [
              125.0820011,
              6.1561528
            ],
            [
              125.0820252,
              6.1562968
            ],
            [
              125.0821432,
              6.1565475
            ],
            [
              125.0823015,
              6.1566995
            ],
            [
              125.082441,
              6.1567848
            ],
            [
              125.0826099,
              6.1567875
            ],
            [
              125.0827548,
              6.1567315
            ],
            [
              125.0827923,
              6.1566221
            ],
            [
              125.0827897,
              6.1564541
            ],
            [
              125.0827575,
              6.1563315
            ],
            [
              125.0827226,
              6.1561635
            ],
            [
              125.082728,
              6.1560194
            ],
            [
              125.0827923,
              6.1559261
            ],
            [
              125.0829211,
              6.1558221
            ],
            [
              125.0831062,
              6.1557768
            ],
            [
              125.0833529,
              6.1558114
            ],
            [
              125.0834897,
              6.1559074
            ],
            [
              125.0835675,
              6.1560301
            ],
            [
              125.0838572,
              6.1563155
            ],
            [
              125.0844794,
              6.1567315
            ],
            [
              125.0850829,
              6.1570888
            ],
            [
              125.0852171,
              6.1571448
            ],
            [
              125.0853646,
              6.1571315
            ],
            [
              125.0854558,
              6.1570515
            ],
            [
              125.0854665,
              6.1569101
            ],
            [
              125.0853968,
              6.1567955
            ],
            [
              125.0853029,
              6.1566888
            ],
            [
              125.0853056,
              6.1565901
            ],
            [
              125.0853592,
              6.1565235
            ],
            [
              125.0855094,
              6.1564941
            ],
            [
              125.0856435,
              6.1565208
            ],
            [
              125.0858876,
              6.1567341
            ],
            [
              125.086019,
              6.1568381
            ],
            [
              125.0861236,
              6.1568968
            ],
            [
              125.0862765,
              6.1568675
            ],
            [
              125.0863838,
              6.1567848
            ],
            [
              125.0865367,
              6.1567741
            ],
            [
              125.0866386,
              6.1568168
            ],
            [
              125.086762,
              6.1568541
            ],
            [
              125.0869337,
              6.1568221
            ],
            [
              125.0871563,
              6.1567635
            ],
            [
              125.0875345,
              6.1565368
            ],
            [
              125.0880884,
              6.1562221
            ],
            [
              125.08826,
              6.1561608
            ],
            [
              125.0883727,
              6.1561208
            ],
            [
              125.0885108,
              6.1561288
            ],
            [
              125.0886342,
              6.1561595
            ],
            [
              125.0887656,
              6.1562088
            ],
            [
              125.0889198,
              6.1563075
            ],
            [
              125.0891022,
              6.1563941
            ],
            [
              125.0893745,
              6.1564381
            ],
            [
              125.089585,
              6.1564355
            ],
            [
              125.089868,
              6.1563394
            ],
            [
              125.0900343,
              6.1563101
            ],
            [
              125.0901255,
              6.1563181
            ],
            [
              125.0902033,
              6.1563461
            ],
            [
              125.0902382,
              6.1563928
            ],
            [
              125.0902328,
              6.1564515
            ],
            [
              125.0902221,
              6.1565341
            ],
            [
              125.0902623,
              6.1566221
            ],
            [
              125.090332,
              6.1567021
            ],
            [
              125.0903964,
              6.1567688
            ],
            [
              125.0905064,
              6.1568435
            ],
            [
              125.0905627,
              6.1569155
            ],
            [
              125.0905466,
              6.1570088
            ],
            [
              125.0904742,
              6.1570835
            ],
            [
              125.0903776,
              6.1571901
            ],
            [
              125.0903857,
              6.1573021
            ],
            [
              125.0904554,
              6.1574168
            ],
            [
              125.0905949,
              6.1575422
            ],
            [
              125.0909221,
              6.1576728
            ],
            [
              125.0910857,
              6.1576728
            ],
            [
              125.0912788,
              6.1575795
            ],
            [
              125.0913674,
              6.1574782
            ],
            [
              125.0914746,
              6.1573582
            ],
            [
              125.0916114,
              6.1572248
            ],
            [
              125.091767,
              6.1571288
            ],
            [
              125.092003,
              6.1570595
            ],
            [
              125.0921988,
              6.1570381
            ],
            [
              125.0922981,
              6.1570488
            ],
            [
              125.0924054,
              6.1571101
            ],
            [
              125.0924349,
              6.1572941
            ],
            [
              125.0924617,
              6.1574168
            ],
            [
              125.092455,
              6.1576782
            ],
            [
              125.0924161,
              6.1578555
            ],
            [
              125.0924322,
              6.1580208
            ],
            [
              125.0924845,
              6.1581048
            ],
            [
              125.0925945,
              6.1581742
            ],
            [
              125.0927259,
              6.1582235
            ],
            [
              125.0928225,
              6.1582142
            ],
            [
              125.0929713,
              6.1581568
            ],
            [
              125.0930558,
              6.1580342
            ],
            [
              125.0930853,
              6.1578888
            ],
            [
              125.09308,
              6.1577115
            ],
            [
              125.0930209,
              6.1575315
            ],
            [
              125.0929284,
              6.1573768
            ],
            [
              125.0929378,
              6.1572795
            ],
            [
              125.0930062,
              6.1572075
            ],
            [
              125.0930867,
              6.1571915
            ],
            [
              125.0932543,
              6.1572115
            ],
            [
              125.0934018,
              6.1572541
            ],
            [
              125.0935386,
              6.1572861
            ],
            [
              125.0940187,
              6.1573355
            ],
            [
              125.0941422,
              6.1573435
            ],
            [
              125.0942749,
              6.1573395
            ],
            [
              125.0943982,
              6.1573235
            ],
            [
              125.0944693,
              6.1573061
            ],
            [
              125.0944975,
              6.1572715
            ],
            [
              125.0945069,
              6.1572115
            ],
            [
              125.0944908,
              6.1571368
            ],
            [
              125.0944519,
              6.1569395
            ],
            [
              125.0944465,
              6.1568115
            ],
            [
              125.0944868,
              6.1567021
            ],
            [
              125.0945941,
              6.1564968
            ],
            [
              125.094674,
              6.1564028
            ],
            [
              125.0949293,
              6.1561021
            ],
            [
              125.0953934,
              6.1556941
            ],
            [
              125.0955649,
              6.1555887
            ],
            [
              125.0961336,
              6.1552394
            ],
            [
              125.0965722,
              6.1550701
            ],
            [
              125.0967371,
              6.1550181
            ],
            [
              125.0968245,
              6.15503
            ],
            [
              125.0968725,
              6.1551104
            ],
            [
              125.0968894,
              6.1552271
            ],
            [
              125.096894,
              6.1555296
            ],
            [
              125.0968242,
              6.1559733
            ],
            [
              125.0967034,
              6.1564487
            ],
            [
              125.096705,
              6.1564955
            ],
            [
              125.0967264,
              6.1565261
            ],
            [
              125.0967841,
              6.1565461
            ],
            [
              125.0968887,
              6.1565521
            ],
            [
              125.0969732,
              6.1565381
            ],
            [
              125.0970671,
              6.1564915
            ],
            [
              125.097173,
              6.1564142
            ],
            [
              125.0972409,
              6.1563358
            ],
            [
              125.0973273,
              6.1562341
            ],
            [
              125.0973996,
              6.1561728
            ],
            [
              125.0974719,
              6.1561278
            ],
            [
              125.0976035,
              6.1561234
            ],
            [
              125.0978637,
              6.1561928
            ],
            [
              125.0979911,
              6.1562008
            ],
            [
              125.0981807,
              6.1561859
            ],
            [
              125.0985121,
              6.1561844
            ],
            [
              125.0986161,
              6.1562021
            ],
            [
              125.0987368,
              6.1562728
            ],
            [
              125.0988333,
              6.1563861
            ],
            [
              125.0992343,
              6.1569768
            ],
            [
              125.0992853,
              6.1570141
            ],
            [
              125.0993657,
              6.1570114
            ],
            [
              125.0994542,
              6.1569528
            ],
            [
              125.0998861,
              6.1564634
            ],
            [
              125.0999397,
              6.1564488
            ],
            [
              125.099984,
              6.1564608
            ],
            [
              125.1000416,
              6.1564968
            ],
            [
              125.1002763,
              6.1569848
            ],
            [
              125.1003072,
              6.1570074
            ],
            [
              125.1003595,
              6.1570088
            ],
            [
              125.1004265,
              6.1569834
            ],
            [
              125.1004989,
              6.1569154
            ],
            [
              125.1007779,
              6.1564834
            ],
            [
              125.1008691,
              6.1564114
            ],
            [
              125.1009764,
              6.1563661
            ],
            [
              125.1011293,
              6.1563741
            ],
            [
              125.1012647,
              6.1564248
            ],
            [
              125.10136,
              6.1565008
            ],
            [
              125.1016442,
              6.1568155
            ],
            [
              125.1017837,
              6.1569874
            ],
            [
              125.1018468,
              6.1570674
            ],
            [
              125.1019071,
              6.1571234
            ],
            [
              125.1019474,
              6.1571514
            ],
            [
              125.1020238,
              6.1571888
            ],
            [
              125.1021512,
              6.1572381
            ],
            [
              125.1022692,
              6.1572887
            ],
            [
              125.1026689,
              6.1575595
            ],
            [
              125.1029022,
              6.1576768
            ],
            [
              125.1031222,
              6.1577501
            ],
            [
              125.1033716,
              6.1578088
            ],
            [
              125.1038464,
              6.1578288
            ],
            [
              125.1039067,
              6.1578268
            ],
            [
              125.1039456,
              6.1578101
            ],
            [
              125.1039724,
              6.1577855
            ],
            [
              125.1039966,
              6.1577408
            ],
            [
              125.104073,
              6.1573154
            ],
            [
              125.1041334,
              6.1570581
            ],
            [
              125.1041615,
              6.1570367
            ],
            [
              125.1042205,
              6.1570368
            ],
            [
              125.1043788,
              6.1570781
            ],
            [
              125.1044297,
              6.1570768
            ],
            [
              125.1045317,
              6.1570474
            ],
            [
              125.1049192,
              6.1568394
            ],
            [
              125.105394,
              6.1565368
            ],
            [
              125.1056783,
              6.1563154
            ],
            [
              125.1059357,
              6.1561221
            ],
            [
              125.1060927,
              6.1560168
            ],
            [
              125.1063233,
              6.1559048
            ],
            [
              125.1065112,
              6.1557688
            ],
            [
              125.1067063,
              6.1556081
            ],
            [
              125.1067498,
              6.1555901
            ],
            [
              125.1068088,
              6.1555941
            ],
            [
              125.1068678,
              6.1556275
            ],
            [
              125.1069094,
              6.1557061
            ],
            [
              125.1070476,
              6.1560154
            ],
            [
              125.1071522,
              6.1563261
            ],
            [
              125.1071774,
              6.156487
            ],
            [
              125.1071575,
              6.1565501
            ],
            [
              125.1071318,
              6.156599
            ],
            [
              125.1070529,
              6.1566435
            ],
            [
              125.1069843,
              6.1567003
            ],
            [
              125.1069601,
              6.1567643
            ],
            [
              125.1069602,
              6.1568936
            ],
            [
              125.1070368,
              6.1570141
            ],
            [
              125.1071414,
              6.1571261
            ],
            [
              125.1072472,
              6.157203
            ],
            [
              125.1074993,
              6.1573123
            ],
            [
              125.107915,
              6.1574456
            ],
            [
              125.1080266,
              6.1574622
            ],
            [
              125.1081526,
              6.1574382
            ],
            [
              125.1082611,
              6.1573763
            ],
            [
              125.1083431,
              6.1572408
            ],
            [
              125.1083711,
              6.1571043
            ],
            [
              125.1083618,
              6.1569581
            ],
            [
              125.1083335,
              6.1568883
            ],
            [
              125.1082653,
              6.1568168
            ],
            [
              125.1081097,
              6.1567448
            ],
            [
              125.1080384,
              6.1566589
            ],
            [
              125.1080266,
              6.1565741
            ],
            [
              125.1080465,
              6.1563896
            ],
            [
              125.1080158,
              6.1562781
            ],
            [
              125.1079392,
              6.1562163
            ],
            [
              125.1078039,
              6.1561555
            ],
            [
              125.1077396,
              6.1560915
            ],
            [
              125.1077262,
              6.1559901
            ],
            [
              125.1077622,
              6.155907
            ],
            [
              125.1078722,
              6.1558509
            ],
            [
              125.1080438,
              6.1558176
            ],
            [
              125.1081607,
              6.1557474
            ],
            [
              125.1083496,
              6.1555483
            ],
            [
              125.1084757,
              6.1554709
            ],
            [
              125.108607,
              6.1554443
            ],
            [
              125.1088216,
              6.1553536
            ],
            [
              125.1089745,
              6.1552363
            ],
            [
              125.1091194,
              6.1550576
            ],
            [
              125.109283,
              6.1549296
            ],
            [
              125.1094358,
              6.1548336
            ],
            [
              125.1096236,
              6.1547862
            ],
            [
              125.1098637,
              6.1547276
            ],
            [
              125.1100221,
              6.1546834
            ],
            [
              125.1101426,
              6.1546156
            ],
            [
              125.110266,
              6.1545036
            ],
            [
              125.1103358,
              6.1543516
            ],
            [
              125.1104994,
              6.1540982
            ],
            [
              125.1105798,
              6.1539596
            ],
            [
              125.1113496,
              6.1527889
            ],
            [
              125.1114703,
              6.1526835
            ],
            [
              125.1116366,
              6.1525775
            ],
            [
              125.1117454,
              6.1525393
            ],
            [
              125.1118427,
              6.152536
            ],
            [
              125.1119343,
              6.1525715
            ],
            [
              125.1119976,
              6.152622
            ],
            [
              125.112047,
              6.1526955
            ],
            [
              125.1120673,
              6.1527887
            ],
            [
              125.1120445,
              6.1529194
            ],
            [
              125.11198,
              6.1530449
            ],
            [
              125.111764,
              6.1533302
            ],
            [
              125.1117092,
              6.153434
            ],
            [
              125.1116822,
              6.1535782
            ],
            [
              125.1117012,
              6.1536767
            ],
            [
              125.1117602,
              6.1537114
            ],
            [
              125.1118377,
              6.1537062
            ],
            [
              125.1119345,
              6.153618
            ],
            [
              125.112098,
              6.1534955
            ],
            [
              125.1123463,
              6.153402
            ],
            [
              125.1125861,
              6.1533462
            ],
            [
              125.1127633,
              6.1533554
            ],
            [
              125.1129188,
              6.1533955
            ],
            [
              125.1131467,
              6.1535276
            ],
            [
              125.1134808,
              6.1538487
            ],
            [
              125.1136753,
              6.1540674
            ],
            [
              125.113769,
              6.1541556
            ],
            [
              125.1138309,
              6.1541821
            ],
            [
              125.113942,
              6.1542049
            ],
            [
              125.1140535,
              6.1542061
            ],
            [
              125.1142008,
              6.1541555
            ],
            [
              125.1143014,
              6.1541089
            ],
            [
              125.1145173,
              6.1540849
            ],
            [
              125.1148016,
              6.1541116
            ],
            [
              125.1149384,
              6.1541263
            ],
            [
              125.1151691,
              6.1542116
            ],
            [
              125.1152522,
              6.1542835
            ],
            [
              125.1153208,
              6.1543887
            ],
            [
              125.1153609,
              6.1544876
            ],
            [
              125.1154107,
              6.1545527
            ],
            [
              125.1154791,
              6.1546061
            ],
            [
              125.1155609,
              6.1546221
            ],
            [
              125.1156145,
              6.1546213
            ],
            [
              125.1156666,
              6.1545969
            ],
            [
              125.1165523,
              6.1554635
            ],
            [
              125.1203032,
              6.1591337
            ],
            [
              125.1203359,
              6.1591022
            ],
            [
              125.1204371,
              6.1589995
            ],
            [
              125.1206452,
              6.1587943
            ],
            [
              125.1208256,
              6.1586164
            ],
            [
              125.121105,
              6.1583408
            ],
            [
              125.1214651,
              6.1579782
            ],
            [
              125.1217648,
              6.1576795
            ],
            [
              125.1220631,
              6.15738
            ],
            [
              125.122275,
              6.1571673
            ],
            [
              125.1223417,
              6.1571004
            ],
            [
              125.1225735,
              6.1568781
            ],
            [
              125.1227943,
              6.156659
            ],
            [
              125.1229725,
              6.1564821
            ],
            [
              125.123127,
              6.1563291
            ],
            [
              125.1233639,
              6.1560945
            ],
            [
              125.1234546,
              6.1560134
            ],
            [
              125.123737,
              6.1557249
            ],
            [
              125.1239299,
              6.1555339
            ],
            [
              125.124151,
              6.1553151
            ],
            [
              125.1244313,
              6.1550377
            ],
            [
              125.1246234,
              6.1548475
            ],
            [
              125.1276562,
              6.1576736
            ],
            [
              125.1305415,
              6.1565145
            ],
            [
              125.1322749,
              6.1580095
            ],
            [
              125.1337255,
              6.1594257
            ],
            [
              125.1390574,
              6.1646993
            ],
            [
              125.1396766,
              6.164897
            ],
            [
              125.1399117,
              6.1654243
            ],
            [
              125.1400521,
              6.165977
            ],
            [
              125.1401425,
              6.1671112
            ],
            [
              125.1404196,
              6.1679663
            ],
            [
              125.140551,
              6.168393
            ],
            [
              125.1407468,
              6.168785
            ],
            [
              125.1407763,
              6.169465
            ],
            [
              125.1407897,
              6.169913
            ],
            [
              125.1405601,
              6.1702288
            ],
            [
              125.1401997,
              6.170817
            ],
            [
              125.1396588,
              6.1714349
            ],
            [
              125.1395962,
              6.1719103
            ],
            [
              125.1396176,
              6.1723717
            ],
            [
              125.1399609,
              6.172921
            ],
            [
              125.1398376,
              6.173561
            ],
            [
              125.1393592,
              6.1740251
            ],
            [
              125.1388827,
              6.1743797
            ],
            [
              125.1386969,
              6.175018
            ],
            [
              125.1389359,
              6.1757922
            ],
            [
              125.1390356,
              6.176745
            ],
            [
              125.1393719,
              6.1776802
            ],
            [
              125.1400498,
              6.1787621
            ],
            [
              125.140328,
              6.1832336
            ],
            [
              125.1403391,
              6.1836808
            ],
            [
              125.1402836,
              6.1839286
            ],
            [
              125.1401085,
              6.1841395
            ],
            [
              125.1400012,
              6.1843422
            ],
            [
              125.1398778,
              6.1845448
            ],
            [
              125.1397759,
              6.1847955
            ],
            [
              125.139749,
              6.1849555
            ],
            [
              125.1396981,
              6.1850461
            ],
            [
              125.1397142,
              6.1851208
            ],
            [
              125.1397812,
              6.1852088
            ],
            [
              125.1398322,
              6.1853208
            ],
            [
              125.139859,
              6.1854515
            ],
            [
              125.1398402,
              6.1858621
            ],
            [
              125.1397517,
              6.1859395
            ],
            [
              125.1395747,
              6.1861048
            ],
            [
              125.1394674,
              6.1863235
            ],
            [
              125.1394352,
              6.1864781
            ],
            [
              125.1394272,
              6.1866301
            ],
            [
              125.1393843,
              6.1867048
            ],
            [
              125.1393574,
              6.1867928
            ],
            [
              125.1393628,
              6.1868861
            ],
            [
              125.1394268,
              6.1869935
            ],
            [
              125.1395264,
              6.1871208
            ],
            [
              125.1395532,
              6.1872141
            ],
            [
              125.1393279,
              6.1875394
            ],
            [
              125.1392797,
              6.1876381
            ],
            [
              125.1392582,
              6.1877154
            ],
            [
              125.1393172,
              6.1878594
            ],
            [
              125.1393199,
              6.1880434
            ],
            [
              125.1393011,
              6.1882567
            ],
            [
              125.1393628,
              6.1883607
            ],
            [
              125.1393843,
              6.188574
            ],
            [
              125.1393091,
              6.1888167
            ],
            [
              125.1391911,
              6.1889607
            ],
            [
              125.1390222,
              6.1891447
            ],
            [
              125.1388791,
              6.1892433
            ],
            [
              125.1385689,
              6.189654
            ],
            [
              125.138526,
              6.189926
            ],
            [
              125.1385421,
              6.1901447
            ],
            [
              125.1384669,
              6.1902886
            ],
            [
              125.1384509,
              6.1904646
            ],
            [
              125.1384294,
              6.1906406
            ],
            [
              125.1384079,
              6.1907686
            ],
            [
              125.1383597,
              6.190902
            ],
            [
              125.1382229,
              6.191038
            ],
            [
              125.1380512,
              6.1912353
            ],
            [
              125.1379278,
              6.1914059
            ],
            [
              125.1377723,
              6.1918273
            ],
            [
              125.1377374,
              6.1919606
            ],
            [
              125.137732,
              6.1920966
            ],
            [
              125.1377428,
              6.1922006
            ],
            [
              125.1376918,
              6.1923472
            ],
            [
              125.1377079,
              6.1924779
            ],
            [
              125.1375509,
              6.1928081
            ],
            [
              125.1375362,
              6.1929019
            ],
            [
              125.1375309,
              6.1930512
            ],
            [
              125.1374531,
              6.1931712
            ],
            [
              125.1373914,
              6.1933072
            ],
            [
              125.1373485,
              6.1935472
            ],
            [
              125.137217,
              6.1937658
            ],
            [
              125.1370722,
              6.1938805
            ],
            [
              125.1369327,
              6.1939418
            ],
            [
              125.1366216,
              6.1940885
            ],
            [
              125.136516,
              6.1942046
            ],
            [
              125.1364607,
              6.1943258
            ],
            [
              125.1364043,
              6.1943631
            ],
            [
              125.1362434,
              6.1944831
            ],
            [
              125.136112,
              6.1945925
            ],
            [
              125.1359269,
              6.1946325
            ],
            [
              125.1358411,
              6.1947125
            ],
            [
              125.1356882,
              6.1948271
            ],
            [
              125.1356131,
              6.1949365
            ],
            [
              125.1355889,
              6.1950405
            ],
            [
              125.1355675,
              6.1951631
            ],
            [
              125.135487,
              6.1953951
            ],
            [
              125.1355112,
              6.1954618
            ],
            [
              125.1355165,
              6.1955418
            ],
            [
              125.1353234,
              6.1957498
            ],
            [
              125.1352336,
              6.1959094
            ],
            [
              125.1343096,
              6.1971257
            ],
            [
              125.1340778,
              6.1977308
            ],
            [
              125.1340386,
              6.198475
            ],
            [
              125.1339045,
              6.1988643
            ],
            [
              125.1335943,
              6.1990585
            ],
            [
              125.1333064,
              6.1994856
            ],
            [
              125.1332957,
              6.1997042
            ],
            [
              125.1333493,
              6.2000669
            ],
            [
              125.1332554,
              6.2004162
            ],
            [
              125.1332554,
              6.2009921
            ],
            [
              125.1334029,
              6.2014455
            ],
            [
              125.1336014,
              6.2017894
            ],
            [
              125.1335639,
              6.2019734
            ],
            [
              125.1336202,
              6.2021414
            ],
            [
              125.1334968,
              6.2024214
            ],
            [
              125.1333761,
              6.2026401
            ],
            [
              125.1331624,
              6.2027464
            ],
            [
              125.1329738,
              6.2029734
            ],
            [
              125.1328585,
              6.203416
            ],
            [
              125.1324722,
              6.2036827
            ],
            [
              125.132145,
              6.2037467
            ],
            [
              125.1320377,
              6.2039653
            ],
            [
              125.1318821,
              6.2044853
            ],
            [
              125.1320189,
              6.2046693
            ],
            [
              125.1321477,
              6.2047813
            ],
            [
              125.1322496,
              6.2047573
            ],
            [
              125.1323032,
              6.2048266
            ],
            [
              125.1322925,
              6.2049039
            ],
            [
              125.1321128,
              6.2052479
            ],
            [
              125.1318634,
              6.2055865
            ],
            [
              125.1315039,
              6.2057279
            ],
            [
              125.1313189,
              6.2058559
            ],
            [
              125.1307099,
              6.2061552
            ],
            [
              125.1300234,
              6.2085703
            ],
            [
              125.1287628,
              6.2109378
            ],
            [
              125.1282632,
              6.2130293
            ],
            [
              125.1265878,
              6.2143247
            ],
            [
              125.1268005,
              6.2181583
            ],
            [
              125.1257261,
              6.2220998
            ],
            [
              125.1243528,
              6.226878
            ],
            [
              125.1245474,
              6.2286851
            ],
            [
              125.1244574,
              6.2302297
            ],
            [
              125.1243488,
              6.2313284
            ],
            [
              125.1244508,
              6.2325277
            ],
            [
              125.1251573,
              6.2342602
            ],
            [
              125.1261484,
              6.2353546
            ],
            [
              125.1268281,
              6.2356605
            ],
            [
              125.1274698,
              6.2361186
            ],
            [
              125.1275152,
              6.2365572
            ],
            [
              125.1283956,
              6.2368443
            ],
            [
              125.1288748,
              6.2371186
            ],
            [
              125.1290067,
              6.2373802
            ],
            [
              125.1293144,
              6.2373158
            ],
            [
              125.12962,
              6.236933
            ],
            [
              125.1300347,
              6.2371494
            ],
            [
              125.1301105,
              6.2375379
            ],
            [
              125.1304102,
              6.2377333
            ],
            [
              125.1312068,
              6.2377522
            ],
            [
              125.1317695,
              6.2379507
            ],
            [
              125.1319088,
              6.2379998
            ],
            [
              125.1324815,
              6.2385723
            ],
            [
              125.1327242,
              6.2390686
            ],
            [
              125.1331234,
              6.2406418
            ],
            [
              125.133387,
              6.2411005
            ],
            [
              125.1336067,
              6.2417843
            ],
            [
              125.1338812,
              6.2425074
            ],
            [
              125.1338472,
              6.2431356
            ],
            [
              125.1337772,
              6.2439046
            ],
            [
              125.133992,
              6.244673
            ],
            [
              125.1345261,
              6.2453726
            ],
            [
              125.134846,
              6.245809
            ],
            [
              125.1347279,
              6.2462783
            ],
            [
              125.134331,
              6.2470995
            ],
            [
              125.1343039,
              6.2472632
            ],
            [
              125.1342022,
              6.2478781
            ],
            [
              125.1343846,
              6.2486353
            ],
            [
              125.1347172,
              6.2492112
            ],
            [
              125.135318,
              6.2496485
            ],
            [
              125.1355755,
              6.2502031
            ],
            [
              125.1355755,
              6.2506937
            ],
            [
              125.135318,
              6.2511736
            ],
            [
              125.1347279,
              6.2514615
            ],
            [
              125.134331,
              6.2517602
            ],
            [
              125.1342344,
              6.2521334
            ],
            [
              125.1342731,
              6.2525733
            ],
            [
              125.1343813,
              6.2527347
            ],
            [
              125.1345076,
              6.2528782
            ],
            [
              125.1345708,
              6.2530128
            ],
            [
              125.1345887,
              6.2533202
            ],
            [
              125.1345887,
              6.2535929
            ],
            [
              125.1345249,
              6.2540558
            ],
            [
              125.1344292,
              6.2543222
            ],
            [
              125.134359,
              6.2545187
            ],
            [
              125.1343399,
              6.2546392
            ],
            [
              125.1343399,
              6.2547851
            ],
            [
              125.1343527,
              6.2549056
            ],
            [
              125.1344101,
              6.255007
            ],
            [
              125.1344547,
              6.2550578
            ],
            [
              125.1345696,
              6.2550958
            ],
            [
              125.1347099,
              6.2551212
            ],
            [
              125.1347928,
              6.2551465
            ],
            [
              125.1349141,
              6.2553621
            ],
            [
              125.1349587,
              6.2556221
            ],
            [
              125.134997,
              6.2558568
            ],
            [
              125.1349587,
              6.2559899
            ],
            [
              125.1349459,
              6.2562817
            ],
            [
              125.1349523,
              6.2564656
            ],
            [
              125.1349651,
              6.2565987
            ],
            [
              125.1349077,
              6.2567192
            ],
            [
              125.134863,
              6.2568651
            ],
            [
              125.1348439,
              6.2569919
            ],
            [
              125.1347163,
              6.2571251
            ],
            [
              125.1346844,
              6.2572836
            ],
            [
              125.134627,
              6.2574104
            ],
            [
              125.1346441,
              6.2575262
            ],
            [
              125.1346696,
              6.2575769
            ],
            [
              125.1347462,
              6.2577418
            ],
            [
              125.1348865,
              6.2578496
            ],
            [
              125.1350013,
              6.2579891
            ],
            [
              125.1351608,
              6.2581476
            ],
            [
              125.1352629,
              6.2582681
            ],
            [
              125.1353394,
              6.2583569
            ],
            [
              125.1355244,
              6.2584584
            ],
            [
              125.135601,
              6.2585218
            ],
            [
              125.1356329,
              6.2586613
            ],
            [
              125.1356329,
              6.2587501
            ],
            [
              125.135601,
              6.2588515
            ],
            [
              125.1356201,
              6.2590481
            ],
            [
              125.1356712,
              6.2591052
            ],
            [
              125.1357095,
              6.2591559
            ],
            [
              125.1357222,
              6.259232
            ],
            [
              125.1357605,
              6.2593271
            ],
            [
              125.1357988,
              6.259473
            ],
            [
              125.1357924,
              6.2596696
            ],
            [
              125.1357222,
              6.2597647
            ],
            [
              125.1355619,
              6.2598468
            ],
            [
              125.1355117,
              6.2598725
            ],
            [
              125.1353075,
              6.2599676
            ],
            [
              125.1350651,
              6.2600437
            ],
            [
              125.1350004,
              6.2600506
            ],
            [
              125.1348865,
              6.2600627
            ],
            [
              125.1346186,
              6.2600374
            ],
            [
              125.1341646,
              6.2600971
            ],
            [
              125.1338535,
              6.2604041
            ],
            [
              125.1338535,
              6.2606601
            ],
            [
              125.1340735,
              6.2610493
            ],
            [
              125.1343197,
              6.2615967
            ],
            [
              125.1343993,
              6.2616646
            ],
            [
              125.1344335,
              6.2616947
            ],
            [
              125.1344562,
              6.2618003
            ],
            [
              125.1344942,
              6.2619247
            ],
            [
              125.1344979,
              6.2621057
            ],
            [
              125.1345169,
              6.2622716
            ],
            [
              125.1345624,
              6.2623659
            ],
            [
              125.1345928,
              6.2624526
            ],
            [
              125.1346686,
              6.2625544
            ],
            [
              125.1347711,
              6.2626902
            ],
            [
              125.1348355,
              6.2627958
            ],
            [
              125.1348962,
              6.2628938
            ],
            [
              125.1349569,
              6.2629918
            ],
            [
              125.1349645,
              6.2631841
            ],
            [
              125.1349342,
              6.2633274
            ],
            [
              125.1348507,
              6.2634405
            ],
            [
              125.1347862,
              6.2636932
            ],
            [
              125.1348355,
              6.263991
            ],
            [
              125.1348704,
              6.2641065
            ],
            [
              125.1348811,
              6.2641418
            ],
            [
              125.1349076,
              6.2642474
            ],
            [
              125.1349531,
              6.2643078
            ],
            [
              125.1350518,
              6.2643719
            ],
            [
              125.1351011,
              6.2644548
            ],
            [
              125.1351162,
              6.2646132
            ],
            [
              125.1350783,
              6.2647565
            ],
            [
              125.1349569,
              6.2648809
            ],
            [
              125.1348962,
              6.2649676
            ],
            [
              125.1348355,
              6.2650883
            ],
            [
              125.1347976,
              6.2652391
            ],
            [
              125.1348318,
              6.2653409
            ],
            [
              125.1348773,
              6.2655709
            ],
            [
              125.1348849,
              6.2657255
            ],
            [
              125.1348583,
              6.265865
            ],
            [
              125.1348659,
              6.2659442
            ],
            [
              125.1348887,
              6.2659743
            ],
            [
              125.1349418,
              6.2660422
            ],
            [
              125.1349569,
              6.2661289
            ],
            [
              125.1349835,
              6.266193
            ],
            [
              125.1345359,
              6.2667586
            ],
            [
              125.134534,
              6.2669469
            ],
            [
              125.1345324,
              6.2671064
            ],
            [
              125.1342744,
              6.2673552
            ],
            [
              125.1338831,
              6.2676614
            ],
            [
              125.1336658,
              6.2680347
            ],
            [
              125.1336014,
              6.268376
            ],
            [
              125.1337409,
              6.2690372
            ],
            [
              125.1339555,
              6.2699117
            ],
            [
              125.133915,
              6.2703103
            ],
            [
              125.1339823,
              6.2704676
            ],
            [
              125.1341543,
              6.270778
            ],
            [
              125.134361,
              6.2712527
            ],
            [
              125.1343583,
              6.2715027
            ],
            [
              125.1345059,
              6.2717734
            ],
            [
              125.1345819,
              6.271974
            ],
            [
              125.1346065,
              6.2722403
            ],
            [
              125.1348805,
              6.2725032
            ],
            [
              125.1353459,
              6.2727039
            ],
            [
              125.1354279,
              6.2729152
            ],
            [
              125.1355369,
              6.2731128
            ],
            [
              125.135551,
              6.2733437
            ],
            [
              125.1356921,
              6.273472
            ],
            [
              125.1358696,
              6.2737134
            ],
            [
              125.1360165,
              6.2738432
            ],
            [
              125.1361466,
              6.2739244
            ],
            [
              125.1362915,
              6.273972
            ],
            [
              125.1364305,
              6.2740696
            ],
            [
              125.1365259,
              6.2742607
            ],
            [
              125.1366164,
              6.274488
            ],
            [
              125.1365757,
              6.274785
            ],
            [
              125.136411,
              6.275072
            ],
            [
              125.1364558,
              6.275276
            ],
            [
              125.1365513,
              6.2754084
            ],
            [
              125.1367322,
              6.2755831
            ],
            [
              125.1368623,
              6.2757994
            ],
            [
              125.1366448,
              6.2762136
            ],
            [
              125.1366133,
              6.2764611
            ],
            [
              125.1366794,
              6.2766803
            ],
            [
              125.1367932,
              6.2769147
            ],
            [
              125.1370304,
              6.27726
            ],
            [
              125.1370244,
              6.2774369
            ],
            [
              125.1370216,
              6.2777072
            ],
            [
              125.1370754,
              6.2780269
            ],
            [
              125.1370957,
              6.2781018
            ],
            [
              125.1371272,
              6.2782374
            ],
            [
              125.1371251,
              6.2783645
            ],
            [
              125.1371723,
              6.2784853
            ],
            [
              125.1373206,
              6.2789575
            ],
            [
              125.137323,
              6.2789984
            ],
            [
              125.1373424,
              6.2793296
            ],
            [
              125.1375237,
              6.279606
            ],
            [
              125.1376001,
              6.2796988
            ],
            [
              125.1377589,
              6.2798047
            ],
            [
              125.1378549,
              6.2798572
            ],
            [
              125.1379359,
              6.279999
            ],
            [
              125.1379684,
              6.280154
            ],
            [
              125.1379491,
              6.2803207
            ],
            [
              125.1379944,
              6.2805517
            ],
            [
              125.1380727,
              6.2807197
            ],
            [
              125.1382206,
              6.2808773
            ],
            [
              125.1382761,
              6.2810225
            ],
            [
              125.138318,
              6.2811542
            ],
            [
              125.1384201,
              6.2813508
            ],
            [
              125.1425671,
              6.2812912
            ],
            [
              125.1438974,
              6.2852757
            ],
            [
              125.1463905,
              6.2883949
            ],
            [
              125.1515628,
              6.2888018
            ],
            [
              125.1529272,
              6.291995
            ],
            [
              125.1671334,
              6.2916984
            ],
            [
              125.1896247,
              6.296738
            ],
            [
              125.1813772,
              6.3429075
            ],
            [
              125.0761806,
              6.3600441
            ],
            [
              125.0094837,
              6.2876911
            ],
            [
              125.0094321,
              6.2875299
            ],
            [
              125.0093174,
              6.2873139
            ],
            [
              125.0092169,
              6.2870976
            ],
            [
              125.0090048,
              6.2867456
            ],
            [
              125.0089686,
              6.2866018
            ],
            [
              125.0088457,
              6.2863285
            ],
            [
              125.0087733,
              6.2862063
            ],
            [
              125.0083899,
              6.2856813
            ],
            [
              125.0082886,
              6.2855806
            ],
            [
              125.008086,
              6.2853433
            ],
            [
              125.008053,
              6.2851675
            ],
            [
              125.0079555,
              6.2849434
            ],
            [
              125.0078221,
              6.284767
            ],
            [
              125.0077315,
              6.2845235
            ],
            [
              125.0076881,
              6.2843725
            ],
            [
              125.0075289,
              6.2839554
            ],
            [
              125.0074349,
              6.2838259
            ],
            [
              125.0072178,
              6.2836246
            ],
            [
              125.0071222,
              6.2835046
            ],
            [
              125.0070484,
              6.2832995
            ],
            [
              125.0070422,
              6.2831995
            ],
            [
              125.0067079,
              6.2826412
            ],
            [
              125.0064563,
              6.2822593
            ],
            [
              125.0063062,
              6.2821359
            ],
            [
              125.0058938,
              6.2815606
            ],
            [
              125.0057347,
              6.2812874
            ],
            [
              125.0055393,
              6.2810141
            ],
            [
              125.0051993,
              6.2804819
            ],
            [
              125.0051125,
              6.2803597
            ],
            [
              125.0050112,
              6.2802374
            ],
            [
              125.0048086,
              6.2800289
            ],
            [
              125.0042999,
              6.2796012
            ],
            [
              125.0039621,
              6.2790436
            ],
            [
              125.0038898,
              6.2789214
            ],
            [
              125.0037885,
              6.2788135
            ],
            [
              125.0034123,
              6.2785331
            ],
            [
              125.0032965,
              6.2784324
            ],
            [
              125.0027467,
              6.2775478
            ],
            [
              125.002613,
              6.2773512
            ],
            [
              125.0024738,
              6.2771464
            ],
            [
              125.0023849,
              6.2770157
            ],
            [
              125.0021245,
              6.2765986
            ],
            [
              125.0013793,
              6.2762462
            ],
            [
              124.9991799,
              6.2758219
            ],
            [
              124.9984637,
              6.2756277
            ],
            [
              124.9982032,
              6.2754983
            ],
            [
              124.9980513,
              6.2754551
            ],
            [
              124.9976244,
              6.2754551
            ],
            [
              124.9973423,
              6.2754983
            ],
            [
              124.9971903,
              6.2755414
            ],
            [
              124.9964669,
              6.2754551
            ],
            [
              124.9963222,
              6.2754551
            ],
            [
              124.9961847,
              6.2754839
            ],
            [
              124.9956204,
              6.2753688
            ],
            [
              124.9954829,
              6.2753329
            ],
            [
              124.9950488,
              6.2753113
            ],
            [
              124.99413,
              6.2750308
            ],
            [
              124.9934572,
              6.2744267
            ],
            [
              124.9931099,
              6.2741535
            ],
            [
              124.9930158,
              6.2740456
            ],
            [
              124.992929,
              6.2739089
            ],
            [
              124.9925239,
              6.2734846
            ],
            [
              124.9923575,
              6.273384
            ],
            [
              124.9920681,
              6.2733768
            ],
            [
              124.9919523,
              6.2732905
            ],
            [
              124.9918872,
              6.273161
            ],
            [
              124.9918727,
              6.27301
            ],
            [
              124.9918221,
              6.2728734
            ],
            [
              124.9915906,
              6.2727008
            ],
            [
              124.9915038,
              6.2725785
            ],
            [
              124.9912578,
              6.2721902
            ],
            [
              124.9911565,
              6.2720679
            ],
            [
              124.991048,
              6.2719744
            ],
            [
              124.9909177,
              6.2719025
            ],
            [
              124.9905198,
              6.2717227
            ],
            [
              124.9903677,
              6.2715778
            ],
            [
              124.9901891,
              6.2714448
            ],
            [
              124.9900589,
              6.2713227
            ],
            [
              124.989972,
              6.27119
            ],
            [
              124.9897178,
              6.2709187
            ],
            [
              124.9895197,
              6.2707588
            ],
            [
              124.9893261,
              6.2707447
            ],
            [
              124.9891752,
              6.2707462
            ],
            [
              124.9891001,
              6.2707169
            ],
            [
              124.9890636,
              6.2706264
            ],
            [
              124.9890411,
              6.2705089
            ],
            [
              124.9890703,
              6.2703492
            ],
            [
              124.988856,
              6.270075
            ],
            [
              124.9882843,
              6.2695293
            ],
            [
              124.9881034,
              6.269292
            ],
            [
              124.9880166,
              6.2691769
            ],
            [
              124.9879081,
              6.2690762
            ],
            [
              124.9877923,
              6.2689755
            ],
            [
              124.9874853,
              6.2688454
            ],
            [
              124.9871122,
              6.2687167
            ],
            [
              124.986859,
              6.2685728
            ],
            [
              124.9867143,
              6.2685297
            ],
            [
              124.9864828,
              6.2683499
            ],
            [
              124.9863815,
              6.268242
            ],
            [
              124.98581,
              6.2678609
            ],
            [
              124.9851444,
              6.2673143
            ],
            [
              124.9849707,
              6.2670698
            ],
            [
              124.9848622,
              6.2667893
            ],
            [
              124.9847609,
              6.2666886
            ],
            [
              124.9844353,
              6.2664441
            ],
            [
              124.9843204,
              6.266347
            ],
            [
              124.9841219,
              6.2661258
            ],
            [
              124.983669,
              6.2657364
            ],
            [
              124.9832877,
              6.2655445
            ],
            [
              124.9827853,
              6.2652141
            ],
            [
              124.9826556,
              6.2650489
            ],
            [
              124.9825181,
              6.2649195
            ],
            [
              124.9824024,
              6.2648332
            ],
            [
              124.9822938,
              6.2647397
            ],
            [
              124.9821998,
              6.2646102
            ],
            [
              124.9821419,
              6.2644808
            ],
            [
              124.9813967,
              6.2638479
            ],
            [
              124.9803357,
              6.2627508
            ],
            [
              124.9801801,
              6.2626226
            ],
            [
              124.9800293,
              6.2624845
            ],
            [
              124.9799127,
              6.2623766
            ],
            [
              124.9797989,
              6.2622505
            ],
            [
              124.9797472,
              6.2621939
            ],
            [
              124.9796459,
              6.2620788
            ],
            [
              124.9790671,
              6.2618058
            ],
            [
              124.9772354,
              6.2610022
            ],
            [
              124.9770999,
              6.2608227
            ],
            [
              124.9770489,
              6.2606521
            ],
            [
              124.9769604,
              6.2605854
            ],
            [
              124.9768436,
              6.2605689
            ],
            [
              124.9767941,
              6.2605134
            ],
            [
              124.9767405,
              6.2604254
            ],
            [
              124.9767389,
              6.2603449
            ],
            [
              124.9767432,
              6.2601108
            ],
            [
              124.9766734,
              6.2599695
            ],
            [
              124.9766475,
              6.2598573
            ],
            [
              124.9765769,
              6.2597722
            ],
            [
              124.9764374,
              6.2595029
            ],
            [
              124.9764186,
              6.2593936
            ],
            [
              124.9764056,
              6.2591725
            ],
            [
              124.976367,
              6.2587925
            ],
            [
              124.9761755,
              6.2582198
            ],
            [
              124.9760482,
              6.2579845
            ],
            [
              124.975982,
              6.2578086
            ],
            [
              124.9755984,
              6.2574222
            ],
            [
              124.9752556,
              6.2570357
            ],
            [
              124.9748515,
              6.2567044
            ],
            [
              124.9744162,
              6.2564544
            ],
            [
              124.9742433,
              6.2561461
            ],
            [
              124.9742502,
              6.2560293
            ],
            [
              124.9741495,
              6.2556289
            ],
            [
              124.9740889,
              6.2554429
            ],
            [
              124.9739252,
              6.2551984
            ],
            [
              124.9738469,
              6.2550165
            ],
            [
              124.9738356,
              6.2548423
            ],
            [
              124.973877,
              6.2546693
            ],
            [
              124.9738879,
              6.2545891
            ],
            [
              124.9740576,
              6.2542647
            ],
            [
              124.9741307,
              6.2537039
            ],
            [
              124.9742916,
              6.2533013
            ],
            [
              124.9746215,
              6.2531253
            ],
            [
              124.9748307,
              6.2531146
            ],
            [
              124.9749541,
              6.2530453
            ],
            [
              124.9749863,
              6.2529546
            ],
            [
              124.974997,
              6.252816
            ],
            [
              124.9749702,
              6.252752
            ],
            [
              124.9750131,
              6.2525974
            ],
            [
              124.9749327,
              6.2523894
            ],
            [
              124.9749315,
              6.2522717
            ],
            [
              124.9748629,
              6.2521068
            ],
            [
              124.9747878,
              6.2520268
            ],
            [
              124.9746805,
              6.2518828
            ],
            [
              124.9744177,
              6.2516268
            ],
            [
              124.9742526,
              6.2515315
            ],
            [
              124.9741054,
              6.251404
            ],
            [
              124.9741495,
              6.2512269
            ],
            [
              124.974305,
              6.2509816
            ],
            [
              124.9743211,
              6.250763
            ],
            [
              124.9742621,
              6.2503844
            ],
            [
              124.973986,
              6.2498801
            ],
            [
              124.9739242,
              6.2497125
            ],
            [
              124.9739605,
              6.2494676
            ],
            [
              124.9739796,
              6.2494336
            ],
            [
              124.9743358,
              6.2489776
            ],
            [
              124.9737828,
              6.2482019
            ],
            [
              124.9735938,
              6.2478666
            ],
            [
              124.9734206,
              6.2477997
            ],
            [
              124.9732571,
              6.2476562
            ],
            [
              124.9731993,
              6.247465
            ],
            [
              124.9731993,
              6.2472737
            ],
            [
              124.9732763,
              6.247092
            ],
            [
              124.9733052,
              6.2463077
            ],
            [
              124.9734206,
              6.2460017
            ],
            [
              124.9735746,
              6.2458774
            ],
            [
              124.9737766,
              6.2458582
            ],
            [
              124.973969,
              6.2458965
            ],
            [
              124.9741518,
              6.2459634
            ],
            [
              124.9743154,
              6.2460782
            ],
            [
              124.9746779,
              6.246321
            ],
            [
              124.9747825,
              6.2464596
            ],
            [
              124.9747938,
              6.2465336
            ],
            [
              124.9750466,
              6.2468529
            ],
            [
              124.9751428,
              6.2470155
            ],
            [
              124.9752775,
              6.247178
            ],
            [
              124.9754603,
              6.2472163
            ],
            [
              124.9756431,
              6.2471972
            ],
            [
              124.9758162,
              6.247092
            ],
            [
              124.9759605,
              6.246939
            ],
            [
              124.9760664,
              6.2467572
            ],
            [
              124.9767014,
              6.2459539
            ],
            [
              124.9768553,
              6.2458296
            ],
            [
              124.9770381,
              6.2457722
            ],
            [
              124.9774037,
              6.2457339
            ],
            [
              124.9775865,
              6.2457817
            ],
            [
              124.9776731,
              6.2459539
            ],
            [
              124.9774903,
              6.2463843
            ],
            [
              124.9774614,
              6.2465851
            ],
            [
              124.9776057,
              6.2467381
            ],
            [
              124.97775,
              6.2468624
            ],
            [
              124.9779136,
              6.2469676
            ],
            [
              124.978106,
              6.247025
            ],
            [
              124.9785195,
              6.2468704
            ],
            [
              124.9787704,
              6.246774
            ],
            [
              124.9795825,
              6.2464347
            ],
            [
              124.9800319,
              6.2463318
            ],
            [
              124.9804349,
              6.2463346
            ],
            [
              124.9806581,
              6.2462995
            ],
            [
              124.9807893,
              6.2454819
            ],
            [
              124.9815044,
              6.2448421
            ],
            [
              124.9815879,
              6.2441549
            ],
            [
              124.9815402,
              6.2435506
            ],
            [
              124.9810753,
              6.2431951
            ],
            [
              124.9810753,
              6.2423894
            ],
            [
              124.9807893,
              6.241714
            ],
            [
              124.9801694,
              6.2414297
            ],
            [
              124.9796968,
              6.2415168
            ],
            [
              124.9795558,
              6.2416533
            ],
            [
              124.9793434,
              6.2417875
            ],
            [
              124.9790362,
              6.2420219
            ],
            [
              124.9782002,
              6.2422899
            ],
            [
              124.9777078,
              6.2423679
            ],
            [
              124.9775999,
              6.2422747
            ],
            [
              124.9774663,
              6.2422527
            ],
            [
              124.9773696,
              6.2422831
            ],
            [
              124.9770274,
              6.24229
            ],
            [
              124.97686,
              6.2418842
            ],
            [
              124.9766217,
              6.2414152
            ],
            [
              124.9765335,
              6.2412417
            ],
            [
              124.9764382,
              6.24112
            ],
            [
              124.9760913,
              6.240863
            ],
            [
              124.9756763,
              6.2404572
            ],
            [
              124.9756219,
              6.2403355
            ],
            [
              124.9756151,
              6.2401935
            ],
            [
              124.9756695,
              6.2400718
            ],
            [
              124.9757511,
              6.2399636
            ],
            [
              124.9759552,
              6.2397674
            ],
            [
              124.9760641,
              6.2396998
            ],
            [
              124.9762546,
              6.2394834
            ],
            [
              124.9763634,
              6.239409
            ],
            [
              124.9764791,
              6.2393482
            ],
            [
              124.9767648,
              6.2392805
            ],
            [
              124.9769076,
              6.2392805
            ],
            [
              124.9770369,
              6.2393346
            ],
            [
              124.9772614,
              6.2394902
            ],
            [
              124.977309,
              6.2396254
            ],
            [
              124.9773294,
              6.2397674
            ],
            [
              124.977309,
              6.2399297
            ],
            [
              124.9772478,
              6.240065
            ],
            [
              124.9770777,
              6.2404572
            ],
            [
              124.9770709,
              6.2406128
            ],
            [
              124.9771389,
              6.2407345
            ],
            [
              124.9772614,
              6.2407954
            ],
            [
              124.9775335,
              6.2407886
            ],
            [
              124.977656,
              6.240721
            ],
            [
              124.9778737,
              6.2405722
            ],
            [
              124.9785102,
              6.2400487
            ],
            [
              124.9787507,
              6.2401488
            ],
            [
              124.9791862,
              6.2400868
            ],
            [
              124.9794488,
              6.239892
            ],
            [
              124.9797137,
              6.2393167
            ],
            [
              124.9797756,
              6.2392362
            ],
            [
              124.9797982,
              6.239026
            ],
            [
              124.9798504,
              6.2389036
            ],
            [
              124.9793227,
              6.2387936
            ],
            [
              124.9791935,
              6.2387192
            ],
            [
              124.9791254,
              6.2386043
            ],
            [
              124.9790778,
              6.2384622
            ],
            [
              124.9790778,
              6.2383202
            ],
            [
              124.9791322,
              6.2381985
            ],
            [
              124.9792955,
              6.237955
            ],
            [
              124.9794112,
              6.2378942
            ],
            [
              124.9795336,
              6.2378401
            ],
            [
              124.9801323,
              6.237786
            ],
            [
              124.9806697,
              6.2377522
            ],
            [
              124.9810983,
              6.2377724
            ],
            [
              124.9814521,
              6.2379686
            ],
            [
              124.9816357,
              6.2381714
            ],
            [
              124.9817174,
              6.2382864
            ],
            [
              124.9818194,
              6.2387125
            ],
            [
              124.9818943,
              6.2388274
            ],
            [
              124.9820371,
              6.2389086
            ],
            [
              124.9821307,
              6.2388624
            ],
            [
              124.9822557,
              6.2387997
            ],
            [
              124.9824589,
              6.238726
            ],
            [
              124.9826252,
              6.2385247
            ],
            [
              124.9826538,
              6.2383586
            ],
            [
              124.9825426,
              6.2382039
            ],
            [
              124.9823396,
              6.2380313
            ],
            [
              124.9822201,
              6.2378587
            ],
            [
              124.9821585,
              6.2377141
            ],
            [
              124.9821049,
              6.2374422
            ],
            [
              124.9820942,
              6.2372555
            ],
            [
              124.9821746,
              6.2370529
            ],
            [
              124.9822766,
              6.2367329
            ],
            [
              124.9824685,
              6.2365392
            ],
            [
              124.9826847,
              6.2364811
            ],
            [
              124.9827883,
              6.236417
            ],
            [
              124.9829253,
              6.2363969
            ],
            [
              124.9830586,
              6.2364716
            ],
            [
              124.9831903,
              6.2366127
            ],
            [
              124.9832955,
              6.2367424
            ],
            [
              124.9833818,
              6.2369479
            ],
            [
              124.9834857,
              6.2372178
            ],
            [
              124.9834589,
              6.2374275
            ],
            [
              124.9833491,
              6.2376855
            ],
            [
              124.9832831,
              6.2379432
            ],
            [
              124.9833673,
              6.2381683
            ],
            [
              124.9834024,
              6.2383148
            ],
            [
              124.9834444,
              6.2384543
            ],
            [
              124.9835076,
              6.2385798
            ],
            [
              124.9835918,
              6.2386984
            ],
            [
              124.9837672,
              6.2389285
            ],
            [
              124.9838794,
              6.2390331
            ],
            [
              124.9840127,
              6.2391029
            ],
            [
              124.984132,
              6.2391726
            ],
            [
              124.9843916,
              6.2392772
            ],
            [
              124.9851212,
              6.2393818
            ],
            [
              124.9852755,
              6.2393818
            ],
            [
              124.9855351,
              6.2392981
            ],
            [
              124.9860332,
              6.2390471
            ],
            [
              124.9861455,
              6.2389355
            ],
            [
              124.9863559,
              6.2385659
            ],
            [
              124.9866225,
              6.2385101
            ],
            [
              124.9868751,
              6.2386077
            ],
            [
              124.9873521,
              6.2386077
            ],
            [
              124.9874924,
              6.2385798
            ],
            [
              124.987731,
              6.2384543
            ],
            [
              124.9878502,
              6.2383776
            ],
            [
              124.988187,
              6.2380707
            ],
            [
              124.9895129,
              6.237171
            ],
            [
              124.9898122,
              6.2369405
            ],
            [
              124.9900577,
              6.2368097
            ],
            [
              124.9902145,
              6.2366829
            ],
            [
              124.9903521,
              6.2364845
            ],
            [
              124.9903103,
              6.236293
            ],
            [
              124.9901866,
              6.2360352
            ],
            [
              124.9901561,
              6.2356821
            ],
            [
              124.9900952,
              6.2354694
            ],
            [
              124.9900181,
              6.2353438
            ],
            [
              124.9899664,
              6.2352584
            ],
            [
              124.9899681,
              6.2351264
            ],
            [
              124.9902702,
              6.2349988
            ],
            [
              124.9904385,
              6.2348561
            ],
            [
              124.9906693,
              6.2346403
            ],
            [
              124.990895,
              6.2344348
            ],
            [
              124.9910638,
              6.2341795
            ],
            [
              124.99116,
              6.2339068
            ],
            [
              124.9910849,
              6.233608
            ],
            [
              124.9911171,
              6.2332347
            ],
            [
              124.9912223,
              6.2328869
            ],
            [
              124.9913663,
              6.2325485
            ],
            [
              124.9914765,
              6.2323334
            ],
            [
              124.9915124,
              6.2318847
            ],
            [
              124.9915054,
              6.2317313
            ],
            [
              124.9913625,
              6.231464
            ],
            [
              124.99105,
              6.2311188
            ],
            [
              124.9909656,
              6.2309314
            ],
            [
              124.9908449,
              6.2307033
            ],
            [
              124.9907608,
              6.2305829
            ],
            [
              124.9906719,
              6.2300777
            ],
            [
              124.9905968,
              6.2294644
            ],
            [
              124.9906772,
              6.2291178
            ],
            [
              124.9910259,
              6.2288298
            ],
            [
              124.991203,
              6.2287392
            ],
            [
              124.9917662,
              6.2282272
            ],
            [
              124.9918467,
              6.2278592
            ],
            [
              124.9919057,
              6.2271074
            ],
            [
              124.9921578,
              6.2265581
            ],
            [
              124.9924386,
              6.2257336
            ],
            [
              124.9928675,
              6.2254441
            ],
            [
              124.9937658,
              6.225125
            ],
            [
              124.9944117,
              6.2244771
            ]
          ]
        ]
      },
      "id": "relation/16057252"
    },
    {
      "type": "Feature",
      "properties": {
        "@id": "node/3640156432",
        "@relations": [
          {
            "role": "label",
            "rel": 16057252,
            "reltags": {
              "admin_level": "6",
              "admin_subdivisions": "23 barangays",
              "border_type": "municipality",
              "boundary": "administrative",
              "contact:website": "https://polomolok.gov.ph/",
              "is_in:province": "South Cotabato",
              "name": "Polomolok",
              "name:etymology": "Flomlok",
              "name:etymology:wikidata": "Q1678262",
              "official_name": "Municipality of Polomolok",
              "population": "172605",
              "population:date": "2020-05-01",
              "postal_code": "9504",
              "ref": "1206312000",
              "related_law": "Executive Order No. 264 s. 1957",
              "start_date": "1957-08-21",
              "type": "boundary",
              "was_in:municipality": "General Santos;Tupi",
              "wikidata": "Q173944",
              "wikimedia_commons": "Category:Polomolok",
              "wikipedia": "en:Polomolok"
            }
          }
        ]
      },
      "geometry": {
        "type": "Point",
        "coordinates": [
          125.0628101,
          6.2202374
        ]
      },
      "id": "node/3640156432"
    }
  ]
}